Date,Price
2000-01-03,1592.2
2000-01-04,1638.7
2000-01-05,1595.8
2000-01-06,1617.6
2000-01-07,1613.3
2000-01-10,1632.95
2000-01-11,1572.5
2000-01-12,1624.8
2000-01-13,1621.4
2000-01-14,1622.75
2000-01-17,1611.6
2000-01-18,1606.7
2000-01-19,1634.85
2000-01-20,1601.1
2000-01-21,1620.6
2000-01-24,1613.6
2000-01-25,1586.4
2000-01-27,1603.9
2000-01-28,1599.1
2000-01-31,1546.2
2000-02-01,1549.5
2000-02-02,1588
2000-02-03,1597.9
2000-02-04,1599.75
2000-02-07,1636.6
2000-02-08,1662.75
2000-02-09,1689.65
2000-02-10,1711.2
2000-02-11,1756
2000-02-14,1744.5
2000-02-15,1702.55
2000-02-16,1711.1
2000-02-17,1742.1
2000-02-18,1717.8
2000-02-21,1753.5
2000-02-22,1739.05
2000-02-23,1696.4
2000-02-24,1732
2000-02-25,1710.45
2000-02-28,1722.55
2000-02-29,1654.8
2000-03-01,1712.7
2000-03-02,1696.55
2000-03-03,1656
2000-03-06,1688.5
2000-03-07,1702.75
2000-03-08,1666.35
2000-03-09,1646.25
2000-03-10,1602.75
2000-03-13,1560.7
2000-03-14,1567.05
2000-03-15,1620.1
2000-03-16,1562.2
2000-03-21,1556.6
2000-03-22,1589.6
2000-03-23,1553.4
2000-03-24,1569.55
2000-03-27,1562.95
2000-03-28,1568.6
2000-03-29,1558.25
2000-03-30,1549.5
2000-03-31,1528.45
2000-04-03,1534.75
2000-04-04,1428.1
2000-04-05,1434.65
2000-04-06,1452.95
2000-04-07,1557.15
2000-04-10,1613
2000-04-11,1624.65
2000-04-12,1592.7
2000-04-13,1518.65
2000-04-17,1443.55
2000-04-18,1414.8
2000-04-19,1404.95
2000-04-20,1415.65
2000-04-24,1388
2000-04-25,1359.45
2000-04-26,1436.1
2000-04-27,1416.9
2000-04-28,1406.55
2000-05-02,1333.45
2000-05-03,1316.05
2000-05-04,1380.55
2000-05-05,1422.4
2000-05-08,1365.05
2000-05-09,1378.55
2000-05-10,1363.15
2000-05-11,1304.55
2000-05-12,1282.8
2000-05-15,1299.25
2000-05-16,1306.85
2000-05-17,1311.65
2000-05-18,1293.4
2000-05-19,1268
2000-05-22,1233
2000-05-23,1224.4
2000-05-24,1235.9
2000-05-25,1247.65
2000-05-26,1275.35
2000-05-29,1311.05
2000-05-30,1344.85
2000-05-31,1380.45
2000-06-01,1349
2000-06-02,1389.25
2000-06-05,1404.6
2000-06-06,1421.75
2000-06-07,1430.35
2000-06-08,1463.65
2000-06-09,1467.2
2000-06-12,1440.4
2000-06-13,1432.9
2000-06-14,1435.5
2000-06-15,1445.25
2000-06-16,1477.3
2000-06-19,1498.75
2000-06-20,1507.1
2000-06-21,1475.15
2000-06-22,1488.25
2000-06-23,1472.2
2000-06-26,1451.65
2000-06-27,1454.3
2000-06-28,1470
2000-06-29,1492.35
2000-06-30,1471.45
2000-07-03,1495.25
2000-07-04,1511.3
2000-07-05,1526.05
2000-07-06,1516.8
2000-07-07,1517.6
2000-07-10,1509.65
2000-07-11,1518.55
2000-07-12,1533.35
2000-07-13,1522.6
2000-07-14,1509.75
2000-07-17,1479.65
2000-07-18,1463.1
2000-07-19,1435.8
2000-07-20,1424.2
2000-07-21,1397.25
2000-07-24,1317.75
2000-07-25,1348.9
2000-07-26,1318.25
2000-07-27,1338.05
2000-07-28,1333.8
2000-07-31,1332.85
2000-08-01,1326.85
2000-08-02,1331.9
2000-08-03,1321.25
2000-08-04,1318.55
2000-08-07,1310.8
2000-08-08,1345.6
2000-08-09,1344.95
2000-08-10,1328
2000-08-11,1310.75
2000-08-14,1317.9
2000-08-16,1351.45
2000-08-17,1341.4
2000-08-18,1358.05
2000-08-21,1370.25
2000-08-22,1381.2
2000-08-23,1386.05
2000-08-24,1386.95
2000-08-25,1381.25
2000-08-28,1369.85
2000-08-29,1367.7
2000-08-30,1375.95
2000-08-31,1394.1
2000-09-04,1427.75
2000-09-05,1428.25
2000-09-06,1435.35
2000-09-07,1439.75
2000-09-08,1450.05
2000-09-11,1456.35
2000-09-12,1467.65
2000-09-13,1456.15
2000-09-14,1445.3
2000-09-15,1417.2
2000-09-18,1354.35
2000-09-19,1317
2000-09-20,1342.9
2000-09-21,1329.85
2000-09-22,1266.45
2000-09-25,1292.55
2000-09-26,1267.9
2000-09-27,1292.55
2000-09-28,1266.4
2000-09-29,1271.65
2000-10-03,1282
2000-10-04,1297.8
2000-10-05,1284.75
2000-10-06,1285
2000-10-09,1267.3
2000-10-10,1238.95
2000-10-11,1201.9
2000-10-12,1206.25
2000-10-13,1176.75
2000-10-16,1175.45
2000-10-17,1158.05
2000-10-18,1136
2000-10-19,1166.15
2000-10-20,1172
2000-10-23,1143.95
2000-10-24,1152.45
2000-10-25,1183.9
2000-10-26,1186.3
2000-10-27,1178.7
2000-10-30,1167.15
2000-10-31,1172.75
2000-11-01,1200.8
2000-11-02,1224.85
2000-11-03,1242.05
2000-11-06,1240.25
2000-11-07,1246.75
2000-11-08,1266.8
2000-11-09,1269.95
2000-11-10,1239.55
2000-11-13,1208.05
2000-11-14,1242.85
2000-11-15,1247.05
2000-11-16,1233.25
2000-11-17,1236
2000-11-20,1237.6
2000-11-21,1235
2000-11-22,1222.35
2000-11-23,1216
2000-11-24,1225.2
2000-11-27,1252.9
2000-11-28,1272.75
2000-11-29,1264.75
2000-11-30,1268.15
2000-12-01,1276.2
2000-12-04,1275.6
2000-12-05,1284.65
2000-12-06,1298.55
2000-12-07,1302.5
2000-12-08,1313.7
2000-12-11,1332.15
2000-12-12,1333.35
2000-12-13,1354.3
2000-12-14,1349.35
2000-12-15,1312.6
2000-12-18,1317.6
2000-12-19,1310.5
2000-12-20,1295.25
2000-12-21,1277.4
2000-12-22,1242
2000-12-26,1212
2000-12-27,1228.3
2000-12-28,1248.95
2000-12-29,1263.55
2001-01-01,1254.3
2001-01-02,1271.8
2001-01-03,1291.25
2001-01-04,1307.65
2001-01-05,1327.25
2001-01-08,1309.25
2001-01-09,1311.65
2001-01-10,1287.3
2001-01-11,1280.4
2001-01-12,1286.75
2001-01-15,1286.75
2001-01-16,1293.05
2001-01-17,1297.9
2001-01-18,1305.95
2001-01-19,1329.1
2001-01-22,1348
2001-01-23,1355.2
2001-01-24,1365.95
2001-01-25,1370.1
2001-01-29,1342.05
2001-01-30,1379.7
2001-01-31,1371.7
2001-02-01,1359.15
2001-02-02,1378.85
2001-02-05,1382.6
2001-02-06,1387.1
2001-02-07,1370.8
2001-02-08,1395.5
2001-02-09,1405.7
2001-02-12,1402.2
2001-02-13,1391.2
2001-02-14,1393.35
2001-02-15,1416.7
2001-02-16,1381.35
2001-02-19,1384.8
2001-02-20,1383.85
2001-02-21,1370.1
2001-02-22,1355.1
2001-02-23,1320.45
2001-02-26,1312.4
2001-02-27,1295.55
2001-02-28,1351.4
2001-03-01,1358.05
2001-03-02,1306.35
2001-03-05,1271.45
2001-03-07,1290.5
2001-03-08,1292.85
2001-03-09,1254.75
2001-03-12,1197.95
2001-03-13,1124.7
2001-03-14,1194.2
2001-03-15,1217.15
2001-03-16,1193.55
2001-03-19,1186.7
2001-03-20,1170.95
2001-03-21,1207.1
2001-03-22,1187.55
2001-03-23,1161.3
2001-03-26,1161.5
2001-03-27,1177.75
2001-03-28,1206.2
2001-03-29,1195.1
2001-03-30,1148.2
2001-04-02,1138.1
2001-04-03,1149.25
2001-04-04,1136.65
2001-04-06,1139.6
2001-04-09,1128.35
2001-04-10,1103.05
2001-04-11,1066.8
2001-04-12,1024.9
2001-04-16,1044.6
2001-04-17,1067
2001-04-18,1103.4
2001-04-19,1144.45
2001-04-20,1144
2001-04-23,1149.75
2001-04-24,1146.3
2001-04-25,1155.35
2001-04-26,1143.75
2001-04-27,1101.3
2001-04-30,1125.25
2001-05-02,1137.2
2001-05-03,1122.05
2001-05-04,1130.05
2001-05-07,1139.2
2001-05-08,1148.95
2001-05-09,1149.25
2001-05-10,1144.95
2001-05-11,1140.5
2001-05-14,1140.8
2001-05-15,1145.3
2001-05-16,1151.15
2001-05-17,1174.95
2001-05-18,1172.8
2001-05-21,1169.45
2001-05-22,1168.1
2001-05-23,1179.1
2001-05-24,1181.85
2001-05-25,1174.9
2001-05-28,1193.2
2001-05-29,1198.45
2001-05-30,1177.55
2001-05-31,1167.9
2001-06-01,1148.05
2001-06-04,1127.2
2001-06-05,1115.6
2001-06-06,1115.7
2001-06-07,1112.35
2001-06-08,1126.6
2001-06-11,1131.1
2001-06-12,1127.15
2001-06-13,1129
2001-06-14,1112.75
2001-06-15,1087.75
2001-06-18,1078.3
2001-06-19,1096.65
2001-06-20,1097.6
2001-06-21,1095.2
2001-06-22,1087.65
2001-06-25,1067
2001-06-26,1096.6
2001-06-27,1096.1
2001-06-28,1094
2001-06-29,1107.9
2001-07-02,1100.75
2001-07-03,1069.8
2001-07-04,1067.95
2001-07-05,1069.75
2001-07-06,1065.1
2001-07-09,1059.5
2001-07-10,1072.05
2001-07-11,1083.65
2001-07-12,1105.5
2001-07-13,1110.45
2001-07-16,1105.55
2001-07-17,1103.1
2001-07-18,1091.95
2001-07-19,1085.9
2001-07-20,1077.7
2001-07-23,1070.65
2001-07-24,1072.55
2001-07-25,1064.2
2001-07-26,1053.4
2001-07-27,1051.7
2001-07-30,1061.45
2001-07-31,1072.85
2001-08-01,1063.15
2001-08-02,1066
2001-08-03,1074.6
2001-08-06,1075.25
2001-08-07,1072.1
2001-08-08,1068
2001-08-09,1070.65
2001-08-10,1071.15
2001-08-13,1063
2001-08-14,1075.5
2001-08-16,1078.95
2001-08-17,1069.2
2001-08-20,1063.75
2001-08-21,1068.7
2001-08-23,1071.5
2001-08-24,1069.15
2001-08-27,1072.55
2001-08-28,1070.65
2001-08-29,1067.45
2001-08-30,1064.15
2001-08-31,1053.75
2001-09-03,1048.05
2001-09-04,1048.2
2001-09-05,1045
2001-09-06,1036.1
2001-09-07,1035.2
2001-09-10,1033.4
2001-09-11,1023.4
2001-09-12,982.2
2001-09-13,971.7
2001-09-14,919.7
2001-09-17,872.25
2001-09-18,900.2
2001-09-19,912.2
2001-09-20,898.8
2001-09-21,854.2
2001-09-24,869.05
2001-09-25,861.4
2001-09-26,873.7
2001-09-27,890
2001-09-28,913.85
2001-10-01,910.1
2001-10-03,899.65
2001-10-04,911.65
2001-10-05,914.6
2001-10-08,901.95
2001-10-09,912.7
2001-10-10,940.35
2001-10-11,954.9
2001-10-12,960.4
2001-10-15,963.4
2001-10-16,971.25
2001-10-17,986.25
2001-10-18,972.05
2001-10-19,976.65
2001-10-22,976.4
2001-10-23,993.2
2001-10-24,991.2
2001-10-25,983.2
2001-10-29,977.45
2001-10-30,963.1
2001-10-31,971.9
2001-11-01,994
2001-11-02,997.6
2001-11-05,991.05
2001-11-06,1001.9
2001-11-07,987.5
2001-11-08,997.7
2001-11-09,1004.05
2001-11-12,1010.9
2001-11-13,1005.4
2001-11-14,1015.8
2001-11-15,1035.7
2001-11-19,1068.15
2001-11-20,1050.2
2001-11-21,1056.35
2001-11-22,1062.45
2001-11-23,1059
2001-11-26,1080.6
2001-11-27,1076.05
2001-11-28,1070.8
2001-11-29,1067.15
2001-12-03,1065.4
2001-12-04,1077.7
2001-12-05,1104.55
2001-12-06,1110.45
2001-12-07,1112.3
2001-12-10,1115.25
2001-12-11,1110.2
2001-12-12,1107.65
2001-12-13,1098.75
2001-12-14,1087.85
2001-12-18,1082.3
2001-12-19,1060.75
2001-12-20,1062
2001-12-21,1050.85
2001-12-24,1048.5
2001-12-26,1034.25
2001-12-27,1020
2001-12-28,1033.8
2001-12-31,1059.05
2002-01-01,1055.3
2002-01-02,1060.75
2002-01-03,1072.25
2002-01-04,1096.2
2002-01-07,1100.15
2002-01-08,1109.9
2002-01-09,1102.8
2002-01-10,1098.2
2002-01-11,1088.55
2002-01-14,1109.8
2002-01-15,1094.15
2002-01-16,1090.3
2002-01-17,1109.2
2002-01-18,1093.15
2002-01-21,1091.35
2002-01-22,1092.85
2002-01-23,1089.4
2002-01-24,1085.3
2002-01-25,1080.1
2002-01-28,1071.35
2002-01-29,1071.65
2002-01-30,1067.45
2002-01-31,1075.4
2002-02-01,1081.65
2002-02-04,1076.9
2002-02-05,1074.25
2002-02-06,1113.1
2002-02-07,1110.45
2002-02-08,1123.75
2002-02-11,1131.55
2002-02-12,1129.5
2002-02-13,1135.1
2002-02-14,1150
2002-02-15,1159.95
2002-02-18,1172.85
2002-02-19,1158.9
2002-02-20,1145.95
2002-02-21,1149.85
2002-02-22,1163.5
2002-02-25,1165.45
2002-02-26,1189.4
2002-02-27,1189.2
2002-02-28,1142.05
2002-03-01,1178
2002-03-04,1177.35
2002-03-05,1178.5
2002-03-06,1172.6
2002-03-07,1193.05
2002-03-08,1187.65
2002-03-11,1167.85
2002-03-12,1150.45
2002-03-13,1157.05
2002-03-14,1159.45
2002-03-15,1169.75
2002-03-18,1169.3
2002-03-19,1152.15
2002-03-20,1155.6
2002-03-21,1144.2
2002-03-22,1138.45
2002-03-26,1123.05
2002-03-27,1123.35
2002-03-28,1129.55
2002-04-01,1138.95
2002-04-02,1136.95
2002-04-03,1123.5
2002-04-04,1145.9
2002-04-05,1141.95
2002-04-08,1135.25
2002-04-09,1126.7
2002-04-10,1138.5
2002-04-11,1143.6
2002-04-12,1146.5
2002-04-15,1134.15
2002-04-16,1118.75
2002-04-17,1125.1
2002-04-18,1129
2002-04-19,1100.3
2002-04-22,1104.15
2002-04-23,1106
2002-04-24,1110.6
2002-04-25,1094.3
2002-04-26,1097.4
2002-04-29,1074.2
2002-04-30,1084.5
2002-05-02,1093.3
2002-05-03,1096.95
2002-05-06,1100.95
2002-05-07,1110.7
2002-05-08,1117.6
2002-05-09,1127.6
2002-05-10,1116.4
2002-05-13,1119.65
2002-05-14,1115.1
2002-05-15,1107.8
2002-05-16,1092.8
2002-05-17,1090.65
2002-05-20,1074.35
2002-05-21,1049.2
2002-05-22,1045.3
2002-05-23,1026.75
2002-05-24,1067
2002-05-27,1062.7
2002-05-28,1038.2
2002-05-29,1041.65
2002-05-30,1032.15
2002-05-31,1028.8
2002-06-03,1039.75
2002-06-04,1045.4
2002-06-05,1064.2
2002-06-06,1064.35
2002-06-07,1048.8
2002-06-10,1069.9
2002-06-11,1097.05
2002-06-12,1092.8
2002-06-13,1082.85
2002-06-14,1085.7
2002-06-17,1088.9
2002-06-18,1074.95
2002-06-19,1062.9
2002-06-20,1070.05
2002-06-21,1062.55
2002-06-24,1061.85
2002-06-25,1055.4
2002-06-26,1044.2
2002-06-27,1048.55
2002-06-28,1057.8
2002-07-01,1068.95
2002-07-02,1068.05
2002-07-03,1069.9
2002-07-04,1070.55
2002-07-05,1073.8
2002-07-08,1082.05
2002-07-09,1080.3
2002-07-10,1071.7
2002-07-11,1056.6
2002-07-12,1058.25
2002-07-15,1048
2002-07-16,1035.95
2002-07-17,1032.55
2002-07-18,1041.3
2002-07-19,1035.9
2002-07-22,1012
2002-07-23,1021.9
2002-07-24,1004.05
2002-07-25,1001.55
2002-07-26,973.5
2002-07-29,971.65
2002-07-30,960.65
2002-07-31,958.9
2002-08-01,957.7
2002-08-02,954.75
2002-08-05,963.25
2002-08-06,966.65
2002-08-07,969.1
2002-08-08,953.55
2002-08-09,961.95
2002-08-12,969.85
2002-08-13,976.05
2002-08-14,969.65
2002-08-16,979.25
2002-08-19,979.85
2002-08-20,988.55
2002-08-21,988.45
2002-08-22,985.7
2002-08-23,995.2
2002-08-26,998.85
2002-08-27,987.7
2002-08-28,985.7
2002-08-29,987.25
2002-08-30,1010.6
2002-09-02,1013.5
2002-09-03,1001.1
2002-09-04,1006.95
2002-09-05,1008.6
2002-09-06,995.2
2002-09-09,998.55
2002-09-11,998.85
2002-09-12,1001.65
2002-09-13,992
2002-09-16,985.75
2002-09-17,994.9
2002-09-18,983.6
2002-09-19,976.05
2002-09-20,969.6
2002-09-23,970.3
2002-09-24,966.2
2002-09-25,970.05
2002-09-26,969.9
2002-09-27,976.45
2002-09-30,963.15
2002-10-01,955.2
2002-10-03,948.2
2002-10-04,948.2
2002-10-07,954.75
2002-10-08,960.8
2002-10-09,954.75
2002-10-10,958.45
2002-10-11,971.05
2002-10-14,972.45
2002-10-16,973.6
2002-10-17,973.3
2002-10-18,971.65
2002-10-21,967.35
2002-10-22,962.5
2002-10-23,957.35
2002-10-24,946.9
2002-10-25,932.2
2002-10-28,922.7
2002-10-29,936.9
2002-10-30,937.75
2002-10-31,951.4
2002-11-01,951.45
2002-11-04,962.1
2002-11-05,962.3
2002-11-07,960.7
2002-11-08,956.95
2002-11-11,954.05
2002-11-12,959.85
2002-11-13,962.65
2002-11-14,971.9
2002-11-15,990.35
2002-11-18,996.85
2002-11-20,1001.6
2002-11-21,1008.75
2002-11-22,1020.15
2002-11-25,1026.2
2002-11-26,1036.15
2002-11-27,1031.1
2002-11-28,1049.7
2002-11-29,1050.15
2002-12-02,1067.9
2002-12-03,1055
2002-12-04,1036.4
2002-12-05,1045.95
2002-12-06,1069.8
2002-12-09,1058.65
2002-12-10,1063.7
2002-12-11,1069.75
2002-12-12,1077
2002-12-13,1086.2
2002-12-16,1078.45
2002-12-17,1073.25
2002-12-18,1077.95
2002-12-19,1076
2002-12-20,1079.3
2002-12-23,1076
2002-12-24,1085
2002-12-26,1094.8
2002-12-27,1098.4
2002-12-30,1091.95
2002-12-31,1093.5
2003-01-01,1100.15
2003-01-02,1093.05
2003-01-03,1089.6
2003-01-06,1084.35
2003-01-07,1081.8
2003-01-08,1089.35
2003-01-09,1097.35
2003-01-10,1080.25
2003-01-13,1073.75
2003-01-14,1078.95
2003-01-15,1085
2003-01-16,1088.35
2003-01-17,1086.5
2003-01-20,1076.35
2003-01-21,1077.9
2003-01-22,1082.9
2003-01-23,1070.9
2003-01-24,1056.05
2003-01-27,1037.65
2003-01-28,1046.2
2003-01-29,1037.2
2003-01-30,1034.6
2003-01-31,1041.85
2003-02-03,1055.3
2003-02-04,1054.8
2003-02-05,1047.4
2003-02-06,1063.6
2003-02-07,1057.5
2003-02-10,1048.6
2003-02-11,1048
2003-02-12,1044.45
2003-02-14,1036
2003-02-17,1058.2
2003-02-18,1059.3
2003-02-19,1064.3
2003-02-20,1065.6
2003-02-21,1066.15
2003-02-24,1070.15
2003-02-25,1055.55
2003-02-26,1049.65
2003-02-27,1052.95
2003-02-28,1063.4
2003-03-03,1058.85
2003-03-04,1046.6
2003-03-05,1040.7
2003-03-06,1031.25
2003-03-07,1017.1
2003-03-10,1006.7
2003-03-11,1014.55
2003-03-12,1001.7
2003-03-13,999.65
2003-03-17,993
2003-03-19,1003.9
2003-03-20,1025.25
2003-03-21,1030.55
2003-03-22,1037.15
2003-03-24,1013.9
2003-03-25,1011.3
2003-03-26,1013.85
2003-03-27,1002.7
2003-03-28,1000.6
2003-03-31,978.2
2003-04-01,984.3
2003-04-02,999.4
2003-04-03,1009.15
2003-04-04,1016.95
2003-04-07,1031.5
2003-04-08,1018.1
2003-04-09,1004.85
2003-04-10,962.2
2003-04-11,949.8
2003-04-15,951.2
2003-04-16,958.65
2003-04-17,940.7
2003-04-21,947.2
2003-04-22,943.5
2003-04-23,934.2
2003-04-24,929.7
2003-04-25,924.3
2003-04-28,929.5
2003-04-29,932.3
2003-04-30,934.05
2003-05-02,938.3
2003-05-05,945.4
2003-05-06,951.85
2003-05-07,950.15
2003-05-08,941.55
2003-05-09,937.85
2003-05-12,936
2003-05-13,944.2
2003-05-14,952.15
2003-05-15,959.85
2003-05-16,973.1
2003-05-19,966.55
2003-05-20,971.55
2003-05-21,968
2003-05-22,963.25
2003-05-23,967.9
2003-05-26,982.45
2003-05-27,976.85
2003-05-28,990.8
2003-05-29,1002.6
2003-05-30,1006.8
2003-06-02,1015.15
2003-06-03,1010.65
2003-06-04,1021.05
2003-06-05,1035.05
2003-06-06,1046.4
2003-06-09,1052.1
2003-06-10,1037.8
2003-06-11,1044.1
2003-06-12,1051.3
2003-06-13,1056.2
2003-06-16,1051.8
2003-06-17,1081.95
2003-06-18,1086.75
2003-06-19,1092.55
2003-06-20,1100.25
2003-06-23,1089.2
2003-06-24,1085.35
2003-06-25,1106.65
2003-06-26,1116.35
2003-06-27,1125.55
2003-06-30,1134.15
2003-07-01,1130.7
2003-07-02,1133.8
2003-07-03,1144.65
2003-07-04,1138.45
2003-07-07,1140.55
2003-07-08,1145.9
2003-07-09,1141.05
2003-07-10,1162.35
2003-07-11,1161.65
2003-07-14,1171.5
2003-07-15,1159.85
2003-07-16,1168.75
2003-07-17,1152
2003-07-18,1140
2003-07-21,1115.8
2003-07-22,1109.2
2003-07-23,1119.05
2003-07-24,1139.45
2003-07-25,1162.75
2003-07-28,1169.2
2003-07-29,1174.75
2003-07-30,1183
2003-07-31,1185.85
2003-08-01,1195.75
2003-08-04,1203.6
2003-08-05,1184.45
2003-08-06,1171.05
2003-08-07,1196.95
2003-08-08,1222.65
2003-08-11,1232.85
2003-08-12,1234.75
2003-08-13,1246.9
2003-08-14,1247.75
2003-08-18,1281.4
2003-08-19,1277.7
2003-08-20,1287.4
2003-08-21,1300.95
2003-08-22,1311.15
2003-08-25,1271.1
2003-08-26,1318.2
2003-08-27,1340.3
2003-08-28,1341.05
2003-08-29,1356.55
2003-09-01,1375.95
2003-09-02,1385.45
2003-09-03,1359.35
2003-09-04,1372.7
2003-09-05,1398.4
2003-09-08,1417.35
2003-09-09,1407.05
2003-09-10,1409.55
2003-09-11,1403.15
2003-09-12,1372.1
2003-09-15,1329.25
2003-09-16,1357.95
2003-09-17,1341.6
2003-09-18,1302.35
2003-09-19,1322.15
2003-09-22,1302.9
2003-09-23,1328.2
2003-09-24,1372.05
2003-09-25,1357.2
2003-09-26,1386.95
2003-09-29,1399.95
2003-09-30,1417.1
2003-10-01,1420.85
2003-10-03,1449.3
2003-10-06,1478.9
2003-10-07,1477.85
2003-10-08,1478.6
2003-10-09,1502.1
2003-10-10,1523.1
2003-10-13,1546.75
2003-10-14,1520.8
2003-10-15,1537
2003-10-16,1555.7
2003-10-17,1569.45
2003-10-20,1542.7
2003-10-21,1506.5
2003-10-22,1494.1
2003-10-23,1470.45
2003-10-24,1506.05
2003-10-25,1521.95
2003-10-27,1485.3
2003-10-28,1481.75
2003-10-29,1498.45
2003-10-30,1516.85
2003-10-31,1555.9
2003-11-03,1601.65
2003-11-04,1618.7
2003-11-05,1609.15
2003-11-06,1612.2
2003-11-07,1592.05
2003-11-10,1594.5
2003-11-11,1601.15
2003-11-12,1603.8
2003-11-13,1579.95
2003-11-14,1550.45
2003-11-15,1562.8
2003-11-17,1579.9
2003-11-18,1564.4
2003-11-19,1540.6
2003-11-20,1522.3
2003-11-21,1540.7
2003-11-24,1543.9
2003-11-25,1568.65
2003-11-27,1598.35
2003-11-28,1615.25
2003-12-01,1657.65
2003-12-02,1658.5
2003-12-03,1670.5
2003-12-04,1675.2
2003-12-05,1645.8
2003-12-08,1646.25
2003-12-09,1675.85
2003-12-10,1686.9
2003-12-11,1695.4
2003-12-12,1698.9
2003-12-15,1723.95
2003-12-16,1736.25
2003-12-17,1733.25
2003-12-18,1756.1
2003-12-19,1778.55
2003-12-22,1789.15
2003-12-23,1780.3
2003-12-24,1808.7
2003-12-26,1837.05
2003-12-29,1874.05
2003-12-30,1873.25
2003-12-31,1879.75
2004-01-01,1912.25
2004-01-02,1946.05
2004-01-05,1955
2004-01-06,1926.7
2004-01-07,1916.75
2004-01-08,1968.55
2004-01-09,1971.9
2004-01-12,1945.6
2004-01-13,1963.6
2004-01-14,1982.15
2004-01-15,1944.45
2004-01-16,1900.65
2004-01-19,1935.35
2004-01-20,1893.25
2004-01-21,1824.6
2004-01-22,1770.5
2004-01-23,1847.55
2004-01-27,1904.7
2004-01-28,1863.1
2004-01-29,1843.6
2004-01-30,1809.75
2004-02-03,1769
2004-02-04,1822.2
2004-02-05,1804.5
2004-02-06,1833.65
2004-02-09,1880.7
2004-02-10,1880.75
2004-02-11,1891.5
2004-02-12,1885.3
2004-02-13,1913.6
2004-02-16,1913.55
2004-02-17,1920.1
2004-02-18,1916.45
2004-02-19,1858.3
2004-02-20,1852.65
2004-02-23,1808.2
2004-02-24,1821.35
2004-02-25,1786.8
2004-02-26,1765.8
2004-02-27,1800.3
2004-03-01,1852.7
2004-03-03,1860.4
2004-03-04,1843.85
2004-03-05,1867.7
2004-03-08,1885.25
2004-03-09,1866.05
2004-03-10,1844.35
2004-03-11,1805.4
2004-03-12,1812.2
2004-03-15,1763.4
2004-03-16,1749.35
2004-03-17,1749.85
2004-03-18,1716.65
2004-03-19,1725.1
2004-03-22,1685
2004-03-23,1696.4
2004-03-24,1692.1
2004-03-25,1704.45
2004-03-26,1747.5
2004-03-29,1762.05
2004-03-30,1750.15
2004-03-31,1771.9
2004-04-01,1819.65
2004-04-02,1841.1
2004-04-05,1856.6
2004-04-06,1851.15
2004-04-07,1848.7
2004-04-08,1853.55
2004-04-12,1838.2
2004-04-13,1878.45
2004-04-15,1861.95
2004-04-16,1868.95
2004-04-17,1868.1
2004-04-19,1844.05
2004-04-20,1844.25
2004-04-21,1873.35
2004-04-22,1889.55
2004-04-23,1892.45
2004-04-27,1817.25
2004-04-28,1816.55
2004-04-29,1808.95
2004-04-30,1796.1
2004-05-03,1766.7
2004-05-04,1793.1
2004-05-05,1809.9
2004-05-06,1832.8
2004-05-07,1804.45
2004-05-10,1769.1
2004-05-11,1699.45
2004-05-12,1711.1
2004-05-13,1717.5
2004-05-14,1582.4
2004-05-17,1388.75
2004-05-18,1503.95
2004-05-19,1567.85
2004-05-20,1543.85
2004-05-21,1560.2
2004-05-24,1608.85
2004-05-25,1606.7
2004-05-26,1598.8
2004-05-27,1586.4
2004-05-28,1508.75
2004-05-31,1483.6
2004-06-01,1507.9
2004-06-02,1535.2
2004-06-03,1495.1
2004-06-04,1521.1
2004-06-07,1542.55
2004-06-08,1550.55
2004-06-09,1548.3
2004-06-10,1544.75
2004-06-11,1508.45
2004-06-14,1481.35
2004-06-15,1501
2004-06-16,1494.75
2004-06-17,1512.05
2004-06-18,1491.2
2004-06-21,1482
2004-06-22,1474.7
2004-06-23,1446.1
2004-06-24,1470.75
2004-06-25,1488.5
2004-06-28,1514.35
2004-06-29,1518.3
2004-06-30,1505.6
2004-07-01,1537.2
2004-07-02,1537.5
2004-07-05,1526.85
2004-07-06,1558.25
2004-07-07,1566.8
2004-07-08,1518.15
2004-07-09,1553.2
2004-07-12,1556.95
2004-07-13,1539.3
2004-07-14,1522.75
2004-07-15,1539.4
2004-07-16,1558.8
2004-07-19,1571.6
2004-07-20,1566.1
2004-07-21,1581.4
2004-07-22,1598.1
2004-07-23,1601.6
2004-07-26,1618
2004-07-27,1600.75
2004-07-28,1594.15
2004-07-29,1618.7
2004-07-30,1632.3
2004-08-02,1639.05
2004-08-03,1630.6
2004-08-04,1626.55
2004-08-05,1654.95
2004-08-06,1633.4
2004-08-09,1642.6
2004-08-10,1652.15
2004-08-11,1621.6
2004-08-12,1607.2
2004-08-13,1598.2
2004-08-16,1599.15
2004-08-17,1604.35
2004-08-18,1581.8
2004-08-19,1609.2
2004-08-20,1590.35
2004-08-23,1578.2
2004-08-24,1591.6
2004-08-25,1595.7
2004-08-26,1610.75
2004-08-27,1609
2004-08-30,1628.45
2004-08-31,1631.75
2004-09-01,1635.45
2004-09-02,1629.3
2004-09-03,1634.1
2004-09-06,1644
2004-09-07,1650.15
2004-09-08,1656.25
2004-09-09,1649
2004-09-10,1668.75
2004-09-13,1675.2
2004-09-14,1685.55
2004-09-15,1683.2
2004-09-16,1705.7
2004-09-17,1733.65
2004-09-20,1728.8
2004-09-21,1750.2
2004-09-22,1753.9
2004-09-23,1726.15
2004-09-24,1722.5
2004-09-27,1717.5
2004-09-28,1700.25
2004-09-29,1727.95
2004-09-30,1745.5
2004-10-01,1775.15
2004-10-04,1805.65
2004-10-05,1812.45
2004-10-06,1794.9
2004-10-07,1815.7
2004-10-08,1820.2
2004-10-09,1817.8
2004-10-11,1807.75
2004-10-12,1786.9
2004-10-14,1794.75
2004-10-15,1795
2004-10-18,1786
2004-10-19,1808.4
2004-10-20,1790.05
2004-10-21,1779.75
2004-10-25,1757.25
2004-10-26,1781.05
2004-10-27,1783.85
2004-10-28,1800.1
2004-10-29,1786.9
2004-11-01,1797.75
2004-11-02,1813.7
2004-11-03,1837.4
2004-11-04,1834.85
2004-11-05,1852.3
2004-11-08,1862.8
2004-11-09,1858.75
2004-11-10,1876.1
2004-11-11,1870.55
2004-11-12,1872.95
2004-11-16,1879
2004-11-17,1888.65
2004-11-18,1892.05
2004-11-19,1872.35
2004-11-22,1873.35
2004-11-23,1892.6
2004-11-24,1904.05
2004-11-25,1901.05
2004-11-29,1939.65
2004-11-30,1958.8
2004-12-01,1962.05
2004-12-02,1999
2004-12-03,1996.2
2004-12-06,1993.15
2004-12-07,1992.7
2004-12-08,1977.95
2004-12-09,1989.95
2004-12-10,1969
2004-12-13,1985.35
2004-12-14,2006.8
2004-12-15,2028.7
2004-12-16,2033.2
2004-12-17,2012.1
2004-12-20,2026.85
2004-12-21,2044.65
2004-12-22,2035.35
2004-12-23,2045.15
2004-12-24,2062.7
2004-12-27,2062.6
2004-12-28,2071.35
2004-12-29,2069.6
2004-12-30,2059.8
2004-12-31,2080.5
2005-01-03,2115
2005-01-04,2103.75
2005-01-05,2032.2
2005-01-06,1998.35
2005-01-07,2015.5
2005-01-10,1982
2005-01-11,1952.05
2005-01-12,1913.6
2005-01-13,1954.55
2005-01-14,1931.1
2005-01-17,1932.9
2005-01-18,1934.05
2005-01-19,1926.65
2005-01-20,1925.3
2005-01-24,1909
2005-01-25,1931.85
2005-01-27,1955
2005-01-28,2008.3
2005-01-31,2057.6
2005-02-01,2059.85
2005-02-02,2052.25
2005-02-03,2079.45
2005-02-04,2077.95
2005-02-07,2055.1
2005-02-08,2055.15
2005-02-09,2070
2005-02-10,2063.35
2005-02-11,2082.05
2005-02-14,2098.25
2005-02-15,2089.95
2005-02-16,2068.8
2005-02-17,2061.9
2005-02-18,2055.55
2005-02-21,2043.2
2005-02-22,2058.4
2005-02-23,2057.1
2005-02-24,2055.3
2005-02-25,2060.9
2005-02-28,2103.25
2005-03-01,2084.4
2005-03-02,2093.25
2005-03-03,2128.85
2005-03-04,2148.15
2005-03-07,2160.1
2005-03-08,2168.95
2005-03-09,2160.8
2005-03-10,2167.4
2005-03-11,2154
2005-03-14,2146.35
2005-03-15,2128.95
2005-03-16,2125.55
2005-03-17,2098.5
2005-03-18,2109.15
2005-03-21,2096.6
2005-03-22,2061.6
2005-03-23,2026.4
2005-03-24,2015.4
2005-03-28,2029.45
2005-03-29,1983.85
2005-03-30,1993.7
2005-03-31,2035.65
2005-04-01,2067.65
2005-04-04,2063.4
2005-04-05,2052.55
2005-04-06,2069.3
2005-04-07,2052.85
2005-04-08,2031.2
2005-04-11,2008.2
2005-04-12,2024.95
2005-04-13,2025.45
2005-04-15,1956.3
2005-04-18,1927.8
2005-04-19,1909.4
2005-04-20,1929.7
2005-04-21,1948.55
2005-04-22,1967.35
2005-04-25,1970.95
2005-04-26,1957.1
2005-04-27,1935.4
2005-04-28,1941.3
2005-04-29,1902.5
2005-05-02,1916.75
2005-05-03,1920.7
2005-05-04,1942.6
2005-05-05,1963.3
2005-05-06,1977.5
2005-05-09,2000.75
2005-05-10,1994.3
2005-05-11,1985.95
2005-05-12,1993.15
2005-05-13,1988.3
2005-05-16,2012.6
2005-05-17,1990.8
2005-05-18,1982.75
2005-05-19,1990.85
2005-05-20,1992.4
2005-05-23,2013.9
2005-05-24,2028.6
2005-05-25,2043.85
2005-05-26,2074.7
2005-05-27,2076.4
2005-05-30,2072.4
2005-05-31,2087.55
2005-06-01,2087.55
2005-06-02,2064.65
2005-06-03,2094.25
2005-06-04,2092.35
2005-06-06,2092.8
2005-06-07,2098.15
2005-06-08,2112.4
2005-06-09,2103.2
2005-06-10,2090.6
2005-06-13,2102.75
2005-06-14,2112.35
2005-06-15,2128.65
2005-06-16,2123.7
2005-06-17,2123.4
2005-06-20,2144.35
2005-06-21,2170
2005-06-22,2187.35
2005-06-23,2183.85
2005-06-24,2194.35
2005-06-27,2199.8
2005-06-28,2169.85
2005-06-29,2191.65
2005-06-30,2220.6
2005-07-01,2211.9
2005-07-04,2230.65
2005-07-05,2210.75
2005-07-06,2228.2
2005-07-07,2179.4
2005-07-08,2196.2
2005-07-11,2218.85
2005-07-12,2220.8
2005-07-13,2204.05
2005-07-14,2185.1
2005-07-15,2212.55
2005-07-18,2234
2005-07-19,2237.3
2005-07-20,2241.9
2005-07-21,2230.5
2005-07-22,2265.6
2005-07-25,2291.75
2005-07-26,2303.15
2005-07-27,2319.1
2005-07-29,2312.3
2005-08-01,2318.05
2005-08-02,2353.65
2005-08-03,2357
2005-08-04,2367.8
2005-08-05,2361.2
2005-08-08,2324.4
2005-08-09,2318.7
2005-08-10,2360.15
2005-08-11,2380.9
2005-08-12,2361.55
2005-08-16,2369.8
2005-08-17,2403.15
2005-08-18,2388.45
2005-08-19,2383.45
2005-08-22,2367.85
2005-08-23,2326.1
2005-08-24,2322.5
2005-08-25,2354.55
2005-08-26,2357.05
2005-08-29,2337.65
2005-08-30,2367.75
2005-08-31,2384.65
2005-09-01,2405.75
2005-09-02,2415.8
2005-09-05,2422.95
2005-09-06,2428.65
2005-09-08,2454.45
2005-09-09,2455.45
2005-09-12,2484.15
2005-09-13,2500.35
2005-09-14,2492.45
2005-09-15,2523.95
2005-09-16,2552.35
2005-09-19,2567.1
2005-09-20,2578
2005-09-21,2567.3
2005-09-22,2476.5
2005-09-23,2477.75
2005-09-26,2557.35
2005-09-27,2574.85
2005-09-28,2598.05
2005-09-29,2611.2
2005-09-30,2601.4
2005-10-03,2630.05
2005-10-04,2663.35
2005-10-05,2644.4
2005-10-06,2579.15
2005-10-07,2574.05
2005-10-10,2566.85
2005-10-11,2589.55
2005-10-13,2537.3
2005-10-14,2484.4
2005-10-17,2485.15
2005-10-18,2468.2
2005-10-19,2412.45
2005-10-20,2395.45
2005-10-21,2443.75
2005-10-24,2394.85
2005-10-25,2418.2
2005-10-26,2408.5
2005-10-27,2352.9
2005-10-28,2316.05
2005-10-31,2370.95
2005-11-01,2386.75
2005-11-02,2419.05
2005-11-07,2461.6
2005-11-08,2492.65
2005-11-09,2489.1
2005-11-10,2500.7
2005-11-11,2548.65
2005-11-14,2558.7
2005-11-16,2582.75
2005-11-17,2603.95
2005-11-18,2620.05
2005-11-21,2602.5
2005-11-22,2572.85
2005-11-23,2608.6
2005-11-24,2635
2005-11-25,2664.3
2005-11-26,2683.45
2005-11-28,2712
2005-11-29,2698.3
2005-11-30,2652.25
2005-12-01,2698.95
2005-12-02,2697.95
2005-12-05,2660.5
2005-12-06,2662.3
2005-12-07,2693
2005-12-08,2706.7
2005-12-09,2756.45
2005-12-12,2776.2
2005-12-13,2812.3
2005-12-14,2804.55
2005-12-15,2778.55
2005-12-16,2810.15
2005-12-19,2842.6
2005-12-20,2826.2
2005-12-21,2822.9
2005-12-22,2835.25
2005-12-23,2804.85
2005-12-26,2749.6
2005-12-27,2805.9
2005-12-28,2794.05
2005-12-29,2821.95
2005-12-30,2836.55
2006-01-02,2835.95
2006-01-03,2883.35
2006-01-04,2904.4
2006-01-05,2899.85
2006-01-06,2914
2006-01-09,2910.1
2006-01-10,2870.8
2006-01-12,2850.7
2006-01-13,2850.55
2006-01-16,2833.1
2006-01-17,2829.1
2006-01-18,2809.2
2006-01-19,2870.85
2006-01-20,2900.95
2006-01-23,2884.05
2006-01-24,2908
2006-01-25,2940.35
2006-01-27,2982.75
2006-01-30,2974.5
2006-01-31,3001.1
2006-02-01,2971.55
2006-02-02,2967.45
2006-02-03,2940.6
2006-02-06,3000.45
2006-02-07,3020.1
2006-02-08,3008.95
2006-02-10,3027.55
2006-02-13,3041.15
2006-02-14,3017.55
2006-02-15,3022.2
2006-02-16,3021.6
2006-02-17,2981.5
2006-02-20,3005.85
2006-02-21,3035.5
2006-02-22,3050.8
2006-02-23,3062.1
2006-02-24,3050.05
2006-02-27,3067.45
2006-02-28,3074.7
2006-03-01,3123.1
2006-03-02,3150.7
2006-03-03,3147.35
2006-03-06,3190.4
2006-03-07,3182.8
2006-03-08,3116.7
2006-03-09,3129.1
2006-03-10,3183.9
2006-03-13,3202.65
2006-03-14,3195.35
2006-03-16,3226.6
2006-03-17,3234.05
2006-03-20,3265.65
2006-03-21,3262.3
2006-03-22,3240.15
2006-03-23,3247.15
2006-03-24,3279.8
2006-03-27,3321.65
2006-03-28,3325
2006-03-29,3354.2
2006-03-30,3418.95
2006-03-31,3402.55
2006-04-03,3473.3
2006-04-04,3483.15
2006-04-05,3510.9
2006-04-07,3454.8
2006-04-10,3478.45
2006-04-12,3380
2006-04-13,3345.5
2006-04-17,3425.15
2006-04-18,3518.1
2006-04-19,3535.85
2006-04-20,3573.5
2006-04-21,3573.05
2006-04-24,3548.9
2006-04-25,3462.65
2006-04-26,3555.75
2006-04-27,3508.1
2006-04-28,3508.35
2006-04-29,3557.6
2006-05-02,3605.45
2006-05-03,3634.25
2006-05-04,3648.4
2006-05-05,3663.95
2006-05-08,3693.15
2006-05-09,3720.55
2006-05-10,3754.25
2006-05-11,3701.05
2006-05-12,3650.05
2006-05-15,3502.95
2006-05-16,3523.3
2006-05-17,3635.1
2006-05-18,3388.9
2006-05-19,3246.9
2006-05-22,3081.35
2006-05-23,3199.35
2006-05-24,3115.55
2006-05-25,3177.7
2006-05-26,3209.6
2006-05-29,3214.9
2006-05-30,3185.3
2006-05-31,3071.05
2006-06-01,2962.25
2006-06-02,3091.35
2006-06-05,3016.65
2006-06-06,2937.3
2006-06-07,2860.45
2006-06-08,2724.35
2006-06-09,2866.3
2006-06-12,2776.85
2006-06-13,2663.3
2006-06-14,2632.8
2006-06-15,2798.8
2006-06-16,2890.35
2006-06-19,2916.9
2006-06-20,2861.3
2006-06-21,2923.45
2006-06-22,2994.75
2006-06-23,3042.7
2006-06-25,3050.3
2006-06-26,2943.2
2006-06-27,2982.45
2006-06-28,2981.1
2006-06-29,2997.9
2006-06-30,3128.2
2006-07-03,3150.95
2006-07-04,3138.65
2006-07-05,3197.1
2006-07-06,3156.4
2006-07-07,3075.85
2006-07-10,3142
2006-07-11,3116.15
2006-07-12,3195.9
2006-07-13,3169.3
2006-07-14,3123.35
2006-07-17,3007.55
2006-07-18,2993.65
2006-07-19,2932.75
2006-07-20,3023.05
2006-07-21,2945
2006-07-24,2985.85
2006-07-25,3040.5
2006-07-26,3110.15
2006-07-27,3156.15
2006-07-28,3130.8
2006-07-31,3143.2
2006-08-01,3147.8
2006-08-02,3182.1
2006-08-03,3190
2006-08-04,3176.75
2006-08-07,3151.1
2006-08-08,3212.4
2006-08-09,3254.6
2006-08-10,3260.1
2006-08-11,3274.35
2006-08-14,3313.1
2006-08-16,3356.05
2006-08-17,3353.9
2006-08-18,3356.75
2006-08-21,3366
2006-08-22,3364.6
2006-08-23,3335.8
2006-08-24,3370.4
2006-08-25,3385.95
2006-08-28,3401.1
2006-08-29,3425.7
2006-08-30,3430.35
2006-08-31,3413.9
2006-09-01,3435.45
2006-09-04,3476.85
2006-09-05,3473.75
2006-09-06,3477.25
2006-09-07,3454.55
2006-09-08,3471.45
2006-09-11,3366.15
2006-09-12,3389.9
2006-09-13,3454.55
2006-09-14,3471.6
2006-09-15,3478.6
2006-09-18,3492.75
2006-09-19,3457.35
2006-09-20,3502.8
2006-09-21,3553.05
2006-09-22,3544.05
2006-09-25,3523.45
2006-09-26,3571.75
2006-09-27,3579.3
2006-09-28,3571.75
2006-09-29,3588.4
2006-10-03,3569.6
2006-10-04,3515.35
2006-10-05,3564.9
2006-10-06,3569.7
2006-10-09,3567.15
2006-10-10,3571.05
2006-10-11,3558.55
2006-10-12,3621.05
2006-10-13,3676.05
2006-10-16,3723.95
2006-10-17,3715
2006-10-18,3710.65
2006-10-19,3677.8
2006-10-20,3676.85
2006-10-21,3683.5
2006-10-23,3657.3
2006-10-26,3677.55
2006-10-27,3739.35
2006-10-30,3769.1
2006-10-31,3744.1
2006-11-01,3767.05
2006-11-02,3791.2
2006-11-03,3805.35
2006-11-06,3809.25
2006-11-07,3798.75
2006-11-08,3777.3
2006-11-09,3796.4
2006-11-10,3834.75
2006-11-13,3858.75
2006-11-14,3865.9
2006-11-15,3876.3
2006-11-16,3876.85
2006-11-17,3852.8
2006-11-20,3856.15
2006-11-21,3918.25
2006-11-22,3954.75
2006-11-23,3945.45
2006-11-24,3950.85
2006-11-27,3968.9
2006-11-28,3921.75
2006-11-29,3928.2
2006-11-30,3954.5
2006-12-01,3997.6
2006-12-04,4001
2006-12-05,4015.75
2006-12-06,4015.95
2006-12-07,4015.35
2006-12-08,3962
2006-12-11,3849.5
2006-12-12,3716.9
2006-12-13,3765.2
2006-12-14,3843.05
2006-12-15,3888.65
2006-12-18,3928.75
2006-12-19,3832
2006-12-20,3815.55
2006-12-21,3833.5
2006-12-22,3871.15
2006-12-26,3940.5
2006-12-27,3974.25
2006-12-28,3970.55
2006-12-29,3966.4
2007-01-02,4007.4
2007-01-03,4024.05
2007-01-04,3988.8
2007-01-05,3983.4
2007-01-08,3933.4
2007-01-09,3911.4
2007-01-10,3850.3
2007-01-11,3942.25
2007-01-12,4052.45
2007-01-15,4078.4
2007-01-16,4080.5
2007-01-17,4076.45
2007-01-18,4109.05
2007-01-19,4090.15
2007-01-22,4102.45
2007-01-23,4066.1
2007-01-24,4089.9
2007-01-25,4147.7
2007-01-29,4124.45
2007-01-31,4082.7
2007-02-01,4137.2
2007-02-02,4183.5
2007-02-05,4215.35
2007-02-06,4195.9
2007-02-07,4224.25
2007-02-08,4223.4
2007-02-09,4187.4
2007-02-12,4058.3
2007-02-13,4044.55
2007-02-14,4047.1
2007-02-15,4146.2
2007-02-19,4164.55
2007-02-20,4106.95
2007-02-21,4096.2
2007-02-22,4040
2007-02-23,3938.95
2007-02-26,3942
2007-02-27,3893.9
2007-02-28,3745.3
2007-03-01,3811.2
2007-03-02,3726.75
2007-03-05,3576.5
2007-03-06,3655.65
2007-03-07,3626.85
2007-03-08,3761.65
2007-03-09,3718
2007-03-12,3734.6
2007-03-13,3770.55
2007-03-14,3641.1
2007-03-15,3643.6
2007-03-16,3608.55
2007-03-19,3678.9
2007-03-20,3697.6
2007-03-21,3764.55
2007-03-22,3875.9
2007-03-23,3861.05
2007-03-26,3819.95
2007-03-28,3761.1
2007-03-29,3798.1
2007-03-30,3821.55
2007-04-02,3633.6
2007-04-03,3690.65
2007-04-04,3733.25
2007-04-05,3752
2007-04-09,3843.5
2007-04-10,3848.15
2007-04-11,3862.65
2007-04-12,3829.85
2007-04-13,3917.35
2007-04-16,4013.35
2007-04-17,3984.95
2007-04-18,4011.6
2007-04-19,3997.65
2007-04-20,4083.55
2007-04-23,4085.1
2007-04-24,4141.8
2007-04-25,4167.3
2007-04-26,4177.85
2007-04-27,4083.5
2007-04-30,4087.9
2007-05-03,4150.85
2007-05-04,4117.35
2007-05-07,4111.15
2007-05-08,4077
2007-05-09,4079.3
2007-05-10,4066.8
2007-05-11,4076.65
2007-05-14,4134.3
2007-05-15,4120.3
2007-05-16,4170.95
2007-05-17,4219.55
2007-05-18,4214.5
2007-05-21,4260.9
2007-05-22,4278.1
2007-05-23,4246.2
2007-05-24,4204.9
2007-05-25,4248.15
2007-05-28,4256.55
2007-05-29,4293.25
2007-05-30,4249.65
2007-05-31,4295.8
2007-06-01,4297.05
2007-06-04,4267.05
2007-06-05,4284.65
2007-06-06,4198.25
2007-06-07,4179.5
2007-06-08,4145
2007-06-11,4145.6
2007-06-12,4155.2
2007-06-13,4113.05
2007-06-14,4170
2007-06-15,4171.45
2007-06-18,4147.1
2007-06-19,4214.3
2007-06-20,4248.65
2007-06-21,4267.4
2007-06-22,4252.05
2007-06-25,4259.4
2007-06-26,4285.7
2007-06-27,4263.95
2007-06-28,4282
2007-06-29,4318.3
2007-07-02,4313.75
2007-07-03,4357.55
2007-07-04,4359.3
2007-07-05,4353.95
2007-07-06,4384.85
2007-07-09,4419.4
2007-07-10,4406.05
2007-07-11,4387.15
2007-07-12,4446.15
2007-07-13,4504.55
2007-07-16,4512.15
2007-07-17,4496.75
2007-07-18,4499.55
2007-07-19,4562.1
2007-07-20,4566.05
2007-07-23,4619.35
2007-07-24,4620.75
2007-07-25,4588.7
2007-07-26,4619.8
2007-07-27,4445.2
2007-07-30,4440.05
2007-07-31,4528.85
2007-08-01,4345.85
2007-08-02,4356.35
2007-08-03,4401.55
2007-08-06,4339.5
2007-08-07,4356.35
2007-08-08,4462.1
2007-08-09,4403.2
2007-08-10,4333.35
2007-08-13,4373.65
2007-08-14,4370.2
2007-08-16,4178.6
2007-08-17,4108.05
2007-08-20,4209.05
2007-08-21,4074.9
2007-08-22,4153.15
2007-08-23,4114.95
2007-08-24,4190.15
2007-08-27,4302.6
2007-08-28,4320.7
2007-08-29,4359.3
2007-08-30,4412.3
2007-08-31,4464
2007-09-03,4474.75
2007-09-04,4479.25
2007-09-05,4475.85
2007-09-06,4518.6
2007-09-07,4509.5
2007-09-10,4507.85
2007-09-11,4497.05
2007-09-12,4496.85
2007-09-13,4528.95
2007-09-14,4518
2007-09-17,4494.65
